<?xml version="1.0" encoding="UTF-8"?>
<project-private xmlns="http://www.netbeans.org/ns/project-private/1">
    <editor-bookmarks xmlns="http://www.netbeans.org/ns/editor-bookmarks/2" lastBookmarkId="0"/>
    <open-files xmlns="http://www.netbeans.org/ns/projectui-open-files/2">
        <group>
            <file>file:/C:/Users/yunfa/Documents/NetBeansProjects/LoadingPage/src/Application/loadingpage.java</file>
        </group>
        <group name="Group 20190602-05:49:39">
            <file>file:/C:/Users/vik/Desktop/LoadingPage123/src/Application/Window3.java</file>
            <file>file:/C:/Users/vik/Desktop/LoadingPage123/src/Application/Window2.java</file>
            <file>file:/C:/Users/vik/Desktop/LoadingPage123/src/Application/loadingpage.java</file>
        </group>
    </open-files>
</project-private>
